COMMUNE;NOM_ECOLE;STATUT;LIEN_WWW;NB_EL_DERNIER_RELEVE;NB_1P_DERNIER_RELEVE;NB_2P_DERNIER_RELEVE;NB_3P_DERNIER_RELEVE;NB_4P_DERNIER_RELEVE;NB_5P_DERNIER_RELEVE;NB_6P_DERNIER_RELEVE;NB_7P_DERNIER_RELEVE;NB_8P_DERNIER_RELEVE;NB_CL_DERNIER_RELEVE;NB_EL_2018;NB_CL_2018;NB_EL_2017;NB_CL_2017;NB_EL_2016;NB_CL_2016;NB_EL_2015;NB_CL_2015;NB_EL_2014;NB_CL_2014;NB_EL_2013;NB_CL_2013;NB_EL_2012;NB_CL_2012;SHAPE.AREA;SHAPE.LEN
Chêne-Bougeries;Montagne;Ouvert;https://ge.ch/sitg/geodata/SIAMEN/Photos_ecoles/Montagne.JPG;85.0;34.0;23.0;28.0;0.0;0.0;0.0;0.0;0.0;4.0;88.0;4.0;85.0;4.0;85.0;4.0;74.0;4.0;62.0;3.0;66.0;3.0;69.0;3.0;408.46970000000005;99.3197612614776
Chancy;Chancy;Ouvert;https://ge.ch/sitg/geodata/SIAMEN/Photos_ecoles/Chancy.JPG;209.0;26.0;21.0;21.0;40.0;26.0;31.0;25.0;19.0;10.0;209.0;10.0;216.0;10.0;216.0;10.0;189.0;9.0;176.0;8.0;169.0;8.0;134.0;6.0;1349.613751;195.20178467633602
Chêne-Bourg;Floraire;Ouvert;https://ge.ch/sitg/geodata/SIAMEN/Photos_ecoles/Floraire.JPG;73.0;18.0;20.0;18.0;17.0;0.0;0.0;0.0;0.0;4.0;75.0;4.0;78.0;4.0;78.0;4.0;77.0;4.0;72.0;4.0;72.0;4.0;86.0;4.0;562.75;125.54018244933602
Cologny;Cologny;Ouvert;https://ge.ch/sitg/geodata/SIAMEN/Photos_ecoles/Cologny-Manoir.JPG;143.0;10.0;22.0;22.0;20.0;15.0;22.0;22.0;10.0;7.0;142.0;7.0;138.0;7.0;128.0;6.0;113.0;5.0;108.0;5.0;107.0;5.0;104.0;5.0;1600.06895;216.134228271586
Genève-Cité;Cropettes CM;Ouvert;https://ge.ch/sitg/geodata/SIAMEN/Photos_ecoles/Cropettes primaire.JPG;187.0;0.0;0.0;0.0;0.0;60.0;47.0;45.0;35.0;9.0;173.0;9.0;177.0;9.0;191.0;10.0;201.0;10.0;216.0;11.0;227.0;12.0;228.0;12.0;1129.214897;220.32588041588002
Genève-Cité;Necker;Ouvert;https://ge.ch/sitg/geodata/SIAMEN/Photos_ecoles/Necker.JPG;76.0;19.0;19.0;23.0;15.0;0.0;0.0;0.0;0.0;4.0;76.0;4.0;70.0;4.0;54.0;3.0;67.0;4.0;70.0;4.0;70.0;4.0;69.0;4.0;638.738601;101.46646196202201
Genève-Cité;Saint-Antoine;Ouvert;https://ge.ch/sitg/geodata/SIAMEN/Photos_ecoles/Saint-Antoine.JPG;81.0;30.0;20.0;17.0;14.0;0.0;0.0;0.0;0.0;4.0;76.0;4.0;80.0;4.0;74.0;4.0;82.0;4.0;77.0;4.0;75.0;4.0;72.0;4.0;382.5623495;81.93065332854869
Genève-Eaux-Vives;Roches;Ouvert;https://ge.ch/sitg/geodata/SIAMEN/Photos_ecoles/Roches.JPG;164.0;20.0;21.0;20.0;19.0;18.0;23.0;23.0;20.0;8.0;163.0;8.0;153.0;8.0;157.0;8.0;149.0;7.0;146.0;7.0;139.0;7.0;139.0;7.0;758.683403;142.80947262921802
Genève-Eaux-Vives;Vollandes;Ouvert;https://ge.ch/sitg/geodata/SIAMEN/Photos_ecoles/Vollandes.JPG;300.0;30.0;20.0;22.0;19.0;57.0;52.0;55.0;45.0;15.0;281.0;14.0;287.0;13.0;284.0;14.0;283.0;14.0;273.0;13.0;272.0;14.0;275.0;13.0;2386.8466475;223.221099479748
Genève-Cité;Seujet;Ouvert;https://ge.ch/sitg/geodata/SIAMEN/Photos_ecoles/Seujet.JPG;269.0;25.0;24.0;28.0;27.0;53.0;34.0;30.0;48.0;14.0;262.0;13.0;257.0;13.0;267.0;14.0;267.0;14.0;266.0;14.0;251.0;14.0;269.0;14.0;1850.4035495;188.51418397967302
Laconnex;Laconnex;Ouvert;https://ge.ch/sitg/geodata/SIAMEN/Photos_ecoles/Laconnex.JPG;61.0;0.0;0.0;0.0;0.0;11.0;22.0;19.0;9.0;3.0;67.0;3.0;62.0;3.0;62.0;3.0;64.0;3.0;74.0;3.0;63.0;3.0;56.0;3.0;925.7737000000001;184.045446558548
Onex;François-Chavaz;Fermé;https://ge.ch/sitg/geodata/SIAMEN/Photos_ecoles/Onex François-Chavaz.JPG;0.0;0.0;0.0;0.0;0.0;0.0;0.0;0.0;0.0;0.0;0.0;0.0;0.0;0.0;0.0;0.0;0.0;0.0;0.0;0.0;0.0;0.0;0.0;0.0;922.459254;168.73822660942702
Lancy;Bachet-de-Pesay;Ouvert;https://ge.ch/sitg/geodata/SIAMEN/Photos_ecoles/Bachet-de-Pesay.JPG;122.0;31.0;22.0;34.0;35.0;0.0;0.0;0.0;0.0;7.0;121.0;7.0;128.0;7.0;132.0;8.0;120.0;7.0;121.0;7.0;125.0;7.0;138.0;8.0;2671.2790465;401.27780095436503
Meyrin;Golette;Ouvert;https://ge.ch/sitg/geodata/SIAMEN/Photos_ecoles/Meyrin Golette.JPG;153.0;39.0;38.0;25.0;30.0;21.0;0.0;0.0;0.0;8.0;155.0;8.0;127.0;7.0;140.0;8.0;136.0;7.0;146.0;8.0;134.0;7.0;117.0;7.0;1464.6398995;317.630195961446
Perly-Certoux;Perly-Certoux;Ouvert;https://ge.ch/sitg/geodata/SIAMEN/Photos_ecoles/Perly-Certoux.JPG;279.0;30.0;28.0;37.0;35.0;28.0;39.0;49.0;33.0;14.0;284.0;14.0;285.0;14.0;281.0;14.0;286.0;14.0;290.0;14.0;286.0;14.0;282.0;14.0;2496.907149;450.281489283219
Genève-Petit-Saconnex;Vieusseux;Ouvert;https://ge.ch/sitg/geodata/SIAMEN/Photos_ecoles/Vieusseux.JPG;151.0;36.0;35.0;41.0;39.0;0.0;0.0;0.0;0.0;8.0;162.0;8.0;158.0;8.0;150.0;8.0;152.0;8.0;139.0;7.0;145.0;7.0;150.0;7.0;637.65064;153.824523686074
Genève-Petit-Saconnex;Geisendorf-Poterie;Ouvert;https://ge.ch/sitg/geodata/SIAMEN/Photos_ecoles/Geisendorf-Poterie.JPG;110.0;20.0;23.0;22.0;45.0;0.0;0.0;0.0;0.0;5.0;100.0;5.0;98.0;5.0;105.0;5.0;96.0;5.0;93.0;5.0;92.0;5.0;114.0;6.0;955.495554;191.506034446966
Genève-Plainpalais;Bertrand;Fermé;https://ge.ch/sitg/geodata/SIAMEN/Photos_ecoles/Bertrand.JPG;0.0;0.0;0.0;0.0;0.0;0.0;0.0;0.0;0.0;0.0;0.0;0.0;0.0;0.0;0.0;0.0;0.0;0.0;0.0;0.0;0.0;0.0;0.0;0.0;890.174743;184.95423062287102
Genève-Petit-Saconnex;Châteaubriand;Ouvert;https://ge.ch/sitg/geodata/SIAMEN/Photos_ecoles/Châteaubriand.JPG;141.0;37.0;37.0;36.0;31.0;0.0;0.0;0.0;0.0;8.0;144.0;8.0;143.0;8.0;142.0;8.0;130.0;7.0;121.0;6.0;110.0;6.0;121.0;7.0;504.4924035;102.73875244469401
Genève-Petit-Saconnex;Saint-Jean;Ouvert;https://ge.ch/sitg/geodata/SIAMEN/Photos_ecoles/Saint-Jean.JPG;156.0;0.0;0.0;0.0;0.0;41.0;48.0;33.0;34.0;7.0;159.0;8.0;151.0;7.0;159.0;8.0;171.0;8.0;155.0;8.0;155.0;8.0;140.0;7.0;2167.8628775;314.649052209691
Genève-Plainpalais;Allobroges Square;Fermé;https://ge.ch/sitg/geodata/SIAMEN/Photos_ecoles/Allobroges Square.JPG;0.0;0.0;0.0;0.0;0.0;0.0;0.0;0.0;0.0;0.0;0.0;0.0;0.0;0.0;0.0;0.0;0.0;0.0;0.0;0.0;0.0;0.0;0.0;0.0;343.903899;74.21186555579611
Genève-Plainpalais;Cité-Jonction;Ouvert;https://ge.ch/sitg/geodata/SIAMEN/Photos_ecoles/Cité-Jonction.JPG;308.0;34.0;36.0;35.0;41.0;37.0;33.0;36.0;56.0;17.0;336.0;17.0;321.0;17.0;338.0;17.0;328.0;16.0;307.0;16.0;299.0;17.0;318.0;17.0;2468.8142975;355.376600399739
Genève-Plainpalais;Carl-Vogt;Ouvert;https://ge.ch/sitg/geodata/SIAMEN/Photos_ecoles/Carl-Vogt.JPG;130.0;41.0;36.0;35.0;18.0;0.0;0.0;0.0;0.0;7.0;141.0;7.0;139.0;7.0;126.0;6.0;138.0;7.0;110.0;6.0;115.0;6.0;162.0;8.0;511.7964505;94.5508445590626
Genève-Petit-Saconnex;Liotard;Ouvert;https://ge.ch/sitg/geodata/SIAMEN/Photos_ecoles/Liotard.JPG;355.0;44.0;36.0;46.0;54.0;46.0;42.0;48.0;39.0;17.0;339.0;17.0;356.0;17.0;363.0;18.0;373.0;18.0;358.0;17.0;341.0;17.0;324.0;15.0;2473.9915915;396.665124460077
Genève-Petit-Saconnex;Budé;Ouvert;https://ge.ch/sitg/geodata/SIAMEN/Photos_ecoles/Budé I.JPG;401.0;44.0;48.0;26.0;33.0;75.0;51.0;64.0;60.0;19.0;328.0;16.0;338.0;16.0;353.0;16.0;332.0;16.0;323.0;15.0;313.0;15.0;329.0;15.0;1204.327146;194.77590595715301
Genève-Petit-Saconnex;Charles-Giron;Ouvert;https://ge.ch/sitg/geodata/SIAMEN/Photos_ecoles/Charles-Giron.JPG;73.0;15.0;23.0;16.0;19.0;0.0;0.0;0.0;0.0;4.0;79.0;4.0;69.0;4.0;74.0;4.0;81.0;4.0;79.0;4.0;76.0;4.0;73.0;4.0;724.0314995;152.688023039866
Meyrin;Monthoux;Ouvert;https://ge.ch/sitg/geodata/SIAMEN/Photos_ecoles/Meyrin Monthoux.JPG;113.0;28.0;19.0;32.0;34.0;0.0;0.0;0.0;0.0;6.0;120.0;6.0;154.0;8.0;134.0;7.0;127.0;6.0;130.0;6.0;125.0;6.0;129.0;6.0;1115.22855;183.982703472128
Carouge;Montfalcon;Ouvert;https://ge.ch/sitg/geodata/SIAMEN/Photos_ecoles/Montfalcon.JPG;36.0;21.0;15.0;0.0;0.0;0.0;0.0;0.0;0.0;2.0;38.0;2.0;45.0;2.0;35.0;2.0;40.0;2.0;39.0;2.0;33.0;2.0;37.0;2.0;520.6515495;91.9143410045226
Carouge;La Tambourine;Ouvert;https://ge.ch/sitg/geodata/SIAMEN/Photos_ecoles/La Tambourine.JPG;387.0;33.0;48.0;42.0;54.0;44.0;66.0;47.0;53.0;19.0;375.0;18.0;378.0;18.0;360.0;17.0;331.0;16.0;321.0;16.0;297.0;15.0;318.0;16.0;2334.4238395;317.67670254237004
Carouge;Promenades;Ouvert;https://ge.ch/sitg/geodata/SIAMEN/Photos_ecoles/Promenades.JPG;150.0;14.0;17.0;22.0;19.0;22.0;18.0;21.0;17.0;8.0;163.0;8.0;158.0;9.0;150.0;8.0;148.0;8.0;130.0;7.0;121.0;7.0;123.0;7.0;2197.3885475;427.8694812058
Veyrier;Pinchat;Ouvert;https://ge.ch/sitg/geodata/SIAMEN/Photos_ecoles/Pinchat.JPG;319.0;28.0;45.0;40.0;38.0;37.0;38.0;49.0;44.0;15.0;315.0;15.0;315.0;15.0;332.0;15.0;292.0;14.0;287.0;13.0;279.0;13.0;231.0;10.0;2034.6641000000002;390.71029396874206
Confignon;Confignon;Ouvert;https://ge.ch/sitg/geodata/SIAMEN/Photos_ecoles/Confignon.JPG;218.0;34.0;28.0;32.0;25.0;25.0;30.0;16.0;28.0;10.0;203.0;10.0;207.0;10.0;197.0;10.0;227.0;11.0;243.0;12.0;232.0;11.0;248.0;11.0;2157.418102;486.54795907175003
Versoix;Montfleury 2;Fermé;https://ge.ch/sitg/geodata/SIAMEN/Photos_ecoles/Versoix Montfleury.JPG;0.0;0.0;0.0;0.0;0.0;0.0;0.0;0.0;0.0;0.0;0.0;0.0;0.0;0.0;0.0;0.0;0.0;0.0;0.0;0.0;0.0;0.0;0.0;0.0;898.6171995;150.023310850983
Versoix;Bon-Séjour;Ouvert;https://ge.ch/sitg/geodata/SIAMEN/Photos_ecoles/Versoix Bon-Séjour.JPG;56.0;19.0;19.0;18.0;0.0;0.0;0.0;0.0;0.0;3.0;60.0;3.0;51.0;3.0;74.0;4.0;70.0;4.0;83.0;4.0;82.0;4.0;78.0;4.0;1067.694655;236.515277962486
Genève-Eaux-Vives;Allières;Ouvert;https://ge.ch/sitg/geodata/SIAMEN/Photos_ecoles/Allières.JPG;256.0;37.0;29.0;42.0;32.0;26.0;30.0;30.0;30.0;13.0;219.0;11.0;237.0;12.0;216.0;11.0;238.0;12.0;237.0;11.0;232.0;11.0;235.0;11.0;1311.994401;245.03144543170603
Grand-Saconnex;Grand-Saconnex Place;Ouvert;https://ge.ch/sitg/geodata/SIAMEN/Photos_ecoles/Grand-Saconnex Place.JPG;148.0;0.0;0.0;0.0;0.0;39.0;27.0;49.0;33.0;7.0;173.0;8.0;194.0;9.0;182.0;9.0;203.0;9.0;211.0;9.0;197.0;9.0;116.0;6.0;876.5329035;200.23676576298402
Lancy;Tivoli;Ouvert;https://ge.ch/sitg/geodata/SIAMEN/Photos_ecoles/Tivoli.JPG;389.0;51.0;50.0;43.0;50.0;49.0;54.0;47.0;45.0;19.0;382.0;19.0;379.0;19.0;395.0;19.0;365.0;18.0;363.0;18.0;342.0;18.0;337.0;17.0;4530.3494895;555.077314037509
Meyrin;Boudines;Ouvert;https://ge.ch/sitg/geodata/SIAMEN/Photos_ecoles/Meyrin Boudines.JPG;299.0;49.0;43.0;36.0;30.0;48.0;32.0;35.0;26.0;15.0;275.0;14.0;300.0;15.0;274.0;13.0;270.0;14.0;235.0;12.0;250.0;13.0;271.0;13.0;3492.6648465;452.570292462568
Meyrin;Village;Ouvert;https://ge.ch/sitg/geodata/SIAMEN/Photos_ecoles/Meyrin Village.JPG;355.0;25.0;33.0;29.0;22.0;67.0;55.0;62.0;62.0;17.0;330.0;17.0;385.0;18.0;391.0;18.0;371.0;18.0;343.0;17.0;350.0;17.0;353.0;17.0;2962.0035000000003;528.648824017269
Onex;Onex Village;Ouvert;https://ge.ch/sitg/geodata/SIAMEN/Photos_ecoles/Onex Village.JPG;88.0;10.0;12.0;11.0;11.0;13.0;10.0;9.0;12.0;4.0;88.0;4.0;86.0;4.0;86.0;4.0;85.0;4.0;86.0;4.0;86.0;4.0;86.0;4.0;534.750199;148.419522999408
Pregny-Chambésy;Pregny-Fontaine;Ouvert;https://ge.ch/sitg/geodata/SIAMEN/Photos_ecoles/Pregny La Fontaine.JPG;103.0;25.0;21.0;23.0;34.0;0.0;0.0;0.0;0.0;5.0;109.0;5.0;111.0;5.0;117.0;5.0;96.0;5.0;107.0;5.0;93.0;5.0;107.0;5.0;966.4448985;129.47004272677898
Vernier;Avanchet-Jura;Ouvert;https://ge.ch/sitg/geodata/SIAMEN/Photos_ecoles/Avanchet-Jura.JPG;275.0;41.0;34.0;40.0;40.0;33.0;38.0;24.0;25.0;15.0;289.0;15.0;273.0;15.0;260.0;14.0;256.0;14.0;259.0;14.0;245.0;14.0;263.0;15.0;2602.4291955;337.134593129584
Avusy;Sézegnin;Fermé;https://ge.ch/sitg/geodata/SIAMEN/Photos_ecoles/Sézegnin.JPG;0.0;0.0;0.0;0.0;0.0;0.0;0.0;0.0;0.0;0.0;0.0;0.0;0.0;0.0;0.0;0.0;0.0;0.0;0.0;0.0;0.0;0.0;0.0;0.0;328.385;86.3693334182163
Carouge;Jacques-Dalphin;Ouvert;https://ge.ch/sitg/geodata/SIAMEN/Photos_ecoles/Jacques-Dalphin.JPG;285.0;42.0;44.0;45.0;32.0;32.0;43.0;22.0;25.0;13.0;254.0;12.0;241.0;11.0;209.0;10.0;218.0;10.0;206.0;10.0;206.0;10.0;198.0;10.0;1157.9564;208.63771734651502
Bardonnex;Bossenaz;Fermé;https://ge.ch/sitg/geodata/SIAMEN/Photos_ecoles/Bossenaz.JPG;0.0;0.0;0.0;0.0;0.0;0.0;0.0;0.0;0.0;0.0;0.0;0.0;0.0;0.0;0.0;0.0;0.0;0.0;0.0;0.0;0.0;0.0;0.0;0.0;367.10505;104.50950602803701
Chêne-Bougeries;Belvédère;Ouvert;https://ge.ch/sitg/geodata/SIAMEN/Photos_ecoles/Belvédère.JPG;169.0;22.0;18.0;30.0;17.0;21.0;20.0;24.0;17.0;8.0;168.0;8.0;161.0;8.0;141.0;7.0;133.0;6.0;134.0;6.0;138.0;7.0;144.0;7.0;1485.670101;225.069408871737
Chêne-Bourg;De Haller;Ouvert;https://ge.ch/sitg/geodata/SIAMEN/Photos_ecoles/De Haller.JPG;272.0;36.0;40.0;32.0;24.0;39.0;31.0;35.0;35.0;14.0;266.0;13.0;246.0;12.0;243.0;11.0;225.0;11.0;107.0;5.0;95.0;5.0;103.0;5.0;780.2415000000001;189.583037157329
Bardonnex;Compesières;Ouvert;https://ge.ch/sitg/geodata/SIAMEN/Photos_ecoles/Compesières.JPG;229.0;29.0;30.0;32.0;30.0;19.0;15.0;25.0;49.0;11.0;214.0;10.0;207.0;10.0;200.0;10.0;205.0;10.0;192.0;9.0;190.0;9.0;189.0;9.0;633.152501;162.90398081705902
Soral;Soral;Ouvert;https://ge.ch/sitg/geodata/SIAMEN/Photos_ecoles/Soral.JPG;64.0;19.0;15.0;17.0;13.0;0.0;0.0;0.0;0.0;3.0;53.0;3.0;59.0;3.0;60.0;3.0;54.0;3.0;38.0;2.0;47.0;2.0;40.0;2.0;366.9394505;90.4138163722397
Plan-les-Ouates;Saconnex d'Arve;Fermé;https://ge.ch/sitg/geodata/SIAMEN/Photos_ecoles/Saconnex d'Arve.JPG;0.0;0.0;0.0;0.0;0.0;0.0;0.0;0.0;0.0;0.0;0.0;0.0;0.0;0.0;0.0;0.0;0.0;0.0;22.0;1.0;17.0;1.0;16.0;0.0;110.98910000000001;46.7198597759741
Lancy;En Sauvy;Ouvert;https://ge.ch/sitg/geodata/SIAMEN/Photos_ecoles/En Sauvy.JPG;521.0;63.0;78.0;56.0;65.0;70.0;47.0;70.0;72.0;25.0;485.0;24.0;463.0;23.0;465.0;23.0;470.0;23.0;460.0;23.0;449.0;23.0;448.0;22.0;6408.567474;552.247598730417
Gy;Gy;Ouvert;https://ge.ch/sitg/geodata/SIAMEN/Photos_ecoles/Gy.JPG;40.0;10.0;11.0;19.0;0.0;0.0;0.0;0.0;0.0;2.0;39.0;2.0;44.0;2.0;38.0;2.0;37.0;2.0;41.0;2.0;39.0;2.0;43.0;2.0;276.95085;100.646653556738
Genève-Eaux-Vives;Eaux-Vives;Ouvert;https://ge.ch/sitg/geodata/SIAMEN/Photos_ecoles/Eaux-Vives.JPG;233.0;43.0;34.0;32.0;21.0;21.0;36.0;30.0;16.0;12.0;227.0;11.0;209.0;10.0;202.0;11.0;204.0;10.0;200.0;10.0;188.0;9.0;193.0;9.0;1878.323746;360.873087103556
Genève-Cité;Grottes;Ouvert;https://ge.ch/sitg/geodata/SIAMEN/Photos_ecoles/Grottes.JPG;368.0;48.0;52.0;40.0;41.0;42.0;45.0;38.0;62.0;18.0;355.0;18.0;349.0;17.0;356.0;18.0;369.0;18.0;380.0;18.0;357.0;17.0;345.0;17.0;3583.1741315;369.955802624949
Genève-Petit-Saconnex;Vidollet;Fermé;https://ge.ch/sitg/geodata/SIAMEN/Photos_ecoles/Vidollet.JPG;0.0;0.0;0.0;0.0;0.0;0.0;0.0;0.0;0.0;0.0;0.0;0.0;0.0;0.0;0.0;0.0;102.0;5.0;99.0;5.0;96.0;5.0;98.0;5.0;954.92473;198.30344992938402
Genève-Plainpalais;Dumas;Fermé;https://ge.ch/sitg/geodata/SIAMEN/Photos_ecoles/Dumas.JPG;0.0;0.0;0.0;0.0;0.0;0.0;0.0;0.0;0.0;0.0;0.0;0.0;0.0;0.0;0.0;0.0;0.0;0.0;0.0;0.0;0.0;0.0;0.0;0.0;604.6384015;126.091782001089
Genève-Plainpalais;Pré-Jérôme;Fermé;https://ge.ch/sitg/geodata/SIAMEN/Photos_ecoles/Pré-Jérôme.JPG;0.0;0.0;0.0;0.0;0.0;0.0;0.0;0.0;0.0;0.0;0.0;0.0;0.0;0.0;0.0;0.0;0.0;0.0;0.0;0.0;0.0;0.0;0.0;0.0;422.4193;91.02507916116579
Genève-Plainpalais;Minoteries;Fermé;https://ge.ch/sitg/geodata/SIAMEN/Photos_ecoles/Minoteries.JPG;0.0;0.0;0.0;0.0;0.0;0.0;0.0;0.0;0.0;0.0;0.0;0.0;0.0;0.0;0.0;0.0;0.0;0.0;0.0;0.0;0.0;0.0;0.0;0.0;919.516699;162.711436973268
Avully;Gennecy;Fermé;https://ge.ch/sitg/geodata/SIAMEN/Photos_ecoles/Gennecy.JPG;0.0;0.0;0.0;0.0;0.0;0.0;0.0;0.0;0.0;0.0;0.0;0.0;0.0;0.0;0.0;0.0;0.0;0.0;0.0;0.0;0.0;0.0;0.0;0.0;303.96500000000003;76.8771925425847
Onex;Bois-Carrien;Fermé;https://ge.ch/sitg/geodata/SIAMEN/Photos_ecoles/Bois-Carrien.JPG;0.0;0.0;0.0;0.0;0.0;0.0;0.0;0.0;0.0;0.0;0.0;0.0;0.0;0.0;0.0;0.0;0.0;0.0;0.0;0.0;0.0;0.0;0.0;0.0;1174.934504;246.175793055565
Genève-Eaux-Vives;Montchoisy;Ouvert;https://ge.ch/sitg/geodata/SIAMEN/Photos_ecoles/Montchoisy.JPG;93.0;18.0;18.0;31.0;26.0;0.0;0.0;0.0;0.0;5.0;112.0;6.0;121.0;6.0;107.0;6.0;103.0;5.0;96.0;5.0;96.0;5.0;97.0;5.0;676.172401;163.639143014447
Genève-Petit-Saconnex;Pavillons d'Aïre;Fermé;https://ge.ch/sitg/geodata/SIAMEN/Photos_ecoles/Pavillons d'Aïre.JPG;0.0;0.0;0.0;0.0;0.0;0.0;0.0;0.0;0.0;0.0;0.0;0.0;0.0;0.0;0.0;0.0;0.0;0.0;0.0;0.0;0.0;0.0;0.0;0.0;621.3722145;210.912862705562
Bellevue;Bellevue;Ouvert;https://ge.ch/sitg/geodata/SIAMEN/Photos_ecoles/Bellevue.JPG;347.0;44.0;33.0;58.0;48.0;38.0;45.0;36.0;45.0;16.0;328.0;16.0;344.0;16.0;320.0;15.0;299.0;15.0;305.0;15.0;310.0;15.0;290.0;15.0;2479.051903;399.633080710915
Genève-Petit-Saconnex;Europe;Ouvert;https://ge.ch/sitg/geodata/SIAMEN/Photos_ecoles/Europe.JPG;282.0;36.0;35.0;35.0;30.0;40.0;42.0;33.0;31.0;15.0;287.0;15.0;279.0;15.0;265.0;14.0;264.0;14.0;233.0;13.0;231.0;13.0;232.0;13.0;2754.518204;477.336721681114
Pregny-Chambésy;Pregny-Valérie;Ouvert;https://ge.ch/sitg/geodata/SIAMEN/Photos_ecoles/Pregny-Valérie.JPG;102.0;0.0;0.0;0.0;0.0;28.0;23.0;22.0;29.0;5.0;96.0;5.0;106.0;4.0;98.0;4.0;101.0;4.0;91.0;4.0;95.0;4.0;86.0;4.0;1569.6943475;215.34534106436
Presinge;Presinge;Ouvert;https://ge.ch/sitg/geodata/SIAMEN/Photos_ecoles/Presinge.JPG;57.0;0.0;0.0;0.0;12.0;18.0;10.0;11.0;6.0;3.0;62.0;3.0;28.0;2.0;33.0;2.0;37.0;2.0;40.0;2.0;43.0;2.0;38.0;2.0;236.47035;61.0773297700976
Plan-les-Ouates;Arare;Fermé;https://ge.ch/sitg/geodata/SIAMEN/Photos_ecoles/Arare.JPG;0.0;0.0;0.0;0.0;0.0;0.0;0.0;0.0;0.0;0.0;0.0;0.0;0.0;0.0;0.0;0.0;0.0;0.0;17.0;1.0;18.0;1.0;20.0;1.0;115.0885495;51.377195442175804
Thônex;Thônex-Tronchet;Fermé;https://ge.ch/sitg/geodata/SIAMEN/Photos_ecoles/Thônex-Tronchet.JPG;0.0;0.0;0.0;0.0;0.0;0.0;0.0;0.0;0.0;0.0;0.0;0.0;0.0;0.0;0.0;0.0;0.0;0.0;0.0;0.0;0.0;0.0;0.0;0.0;306.23235;85.3053971833402
Russin;Russin;Ouvert;https://ge.ch/sitg/geodata/SIAMEN/Photos_ecoles/Russin.JPG;44.0;15.0;29.0;0.0;0.0;0.0;0.0;0.0;0.0;2.0;45.0;2.0;42.0;2.0;39.0;2.0;38.0;2.0;34.0;2.0;35.0;2.0;44.0;2.0;431.725;101.366664599222
Satigny;Satigny Temple;Fermé;https://ge.ch/sitg/geodata/SIAMEN/Photos_ecoles/Satigny Temple.JPG;0.0;0.0;0.0;0.0;0.0;0.0;0.0;0.0;0.0;0.0;0.0;0.0;0.0;0.0;0.0;0.0;0.0;0.0;0.0;0.0;0.0;0.0;0.0;0.0;255.0372495;73.0122532347371
Vernier;Ranches Village CE;Ouvert;https://ge.ch/sitg/geodata/SIAMEN/Photos_ecoles/Ranches 1 Village.JPG;35.0;0.0;0.0;17.0;18.0;0.0;0.0;0.0;0.0;2.0;34.0;2.0;34.0;2.0;27.0;2.0;32.0;2.0;37.0;2.0;33.0;2.0;31.0;2.0;304.1928505;86.9411420289739
Vernier;Ranches CE;Ouvert;https://ge.ch/sitg/geodata/SIAMEN/Photos_ecoles/Ranches 1.JPG;208.0;67.0;51.0;54.0;36.0;0.0;0.0;0.0;0.0;11.0;201.0;11.0;199.0;12.0;198.0;11.0;177.0;10.0;175.0;10.0;146.0;8.0;151.0;8.0;587.190251;120.213229474039
Versoix;Ami-Argand;Ouvert;https://ge.ch/sitg/geodata/SIAMEN/Photos_ecoles/Ami-Argand.JPG;351.0;26.0;25.0;37.0;50.0;31.0;70.0;63.0;49.0;15.0;328.0;14.0;327.0;15.0;285.0;14.0;301.0;15.0;312.0;15.0;305.0;15.0;325.0;15.0;2371.3517;320.44890959757606
Vernier;Poussy;Ouvert;https://ge.ch/sitg/geodata/SIAMEN/Photos_ecoles/Poussy.JPG;48.0;18.0;0.0;16.0;14.0;0.0;0.0;0.0;0.0;3.0;45.0;3.0;54.0;3.0;56.0;3.0;46.0;3.0;57.0;3.0;51.0;3.0;53.0;3.0;552.1275005;107.26215899013
Vernier;Châtelaine;Ouvert;https://ge.ch/sitg/geodata/SIAMEN/Photos_ecoles/Châtelaine.JPG;165.0;0.0;0.0;33.0;0.0;25.0;31.0;35.0;41.0;9.0;165.0;9.0;175.0;9.0;172.0;9.0;164.0;9.0;159.0;9.0;168.0;9.0;150.0;8.0;721.324847;145.979497006035
Versoix;Courvoisier;Fermé;https://ge.ch/sitg/geodata/SIAMEN/Photos_ecoles/Versoix Courvoisier.JPG;0.0;0.0;0.0;0.0;0.0;0.0;0.0;0.0;0.0;0.0;0.0;0.0;0.0;0.0;0.0;0.0;0.0;0.0;0.0;0.0;0.0;0.0;0.0;0.0;376.1517485;92.1195173021751
Vernier;Avanchet-Salève;Ouvert;https://ge.ch/sitg/geodata/SIAMEN/Photos_ecoles/Avanchet-Salève.JPG;306.0;33.0;47.0;37.0;29.0;54.0;41.0;34.0;31.0;16.0;287.0;16.0;280.0;16.0;271.0;15.0;275.0;16.0;272.0;15.0;303.0;16.0;295.0;17.0;2948.9638475;331.334105311039
Lancy;Morgines;Ouvert;https://ge.ch/sitg/geodata/SIAMEN/Photos_ecoles/Morgines.JPG;97.0;37.0;23.0;21.0;16.0;0.0;0.0;0.0;0.0;5.0;71.0;4.0;75.0;4.0;74.0;4.0;71.0;4.0;72.0;4.0;73.0;4.0;73.0;4.0;834.178061;143.581343532674
Meyrin;Livron;Ouvert;https://ge.ch/sitg/geodata/SIAMEN/Photos_ecoles/Meyrin Livron.JPG;336.0;21.0;24.0;38.0;24.0;36.0;69.0;58.0;66.0;17.0;328.0;17.0;323.0;17.0;332.0;17.0;309.0;16.0;290.0;16.0;305.0;16.0;287.0;15.0;4680.3899465;372.082668126523
Onex;Gros-Chêne;Ouvert;https://ge.ch/sitg/geodata/SIAMEN/Photos_ecoles/Onex Gros-Chêne.JPG;68.0;32.0;36.0;0.0;0.0;0.0;0.0;0.0;0.0;4.0;75.0;4.0;83.0;4.0;73.0;4.0;77.0;4.0;71.0;4.0;71.0;4.0;74.0;4.0;754.6751025;157.728255055776
Jussy;Jussy;Ouvert;https://ge.ch/sitg/geodata/SIAMEN/Photos_ecoles/Jussy.JPG;126.0;13.0;7.0;21.0;19.0;13.0;20.0;19.0;14.0;6.0;133.0;6.0;131.0;6.0;115.0;6.0;113.0;6.0;122.0;6.0;110.0;5.0;105.0;5.0;1288.4816505;249.43576432027604
Hermance;Hermance;Ouvert;https://ge.ch/sitg/geodata/SIAMEN/Photos_ecoles/Hermance.JPG;97.0;10.0;16.0;10.0;13.0;17.0;11.0;9.0;11.0;5.0;100.0;5.0;99.0;5.0;100.0;5.0;97.0;5.0;100.0;5.0;100.0;5.0;96.0;5.0;322.1028;101.828321151502
Aire-la-Ville;Aire-la-Ville;Ouvert;https://ge.ch/sitg/geodata/SIAMEN/Photos_ecoles/Aire-la-Ville.JPG;121.0;10.0;10.0;13.0;16.0;20.0;27.0;11.0;14.0;6.0;126.0;6.0;135.0;6.0;127.0;6.0;140.0;6.0;134.0;6.0;123.0;6.0;127.0;6.0;2301.7787005;349.754375728371
Anières;Anières;Ouvert;https://ge.ch/sitg/geodata/SIAMEN/Photos_ecoles/Anières.JPG;201.0;19.0;24.0;29.0;23.0;23.0;27.0;22.0;34.0;10.0;202.0;10.0;216.0;10.0;215.0;10.0;198.0;10.0;217.0;10.0;230.0;9.0;181.0;9.0;2312.3090335;425.16880034280206
Avully;Avully;Ouvert;https://ge.ch/sitg/geodata/SIAMEN/Photos_ecoles/Avully.JPG;146.0;20.0;20.0;23.0;14.0;21.0;8.0;21.0;19.0;7.0;151.0;8.0;158.0;8.0;158.0;8.0;164.0;8.0;164.0;8.0;167.0;8.0;158.0;8.0;2162.9114995;412.57978440512
Avusy;Athenaz;Ouvert;https://ge.ch/sitg/geodata/SIAMEN/Photos_ecoles/Athenaz.JPG;141.0;13.0;23.0;18.0;21.0;19.0;20.0;16.0;11.0;7.0;152.0;7.0;148.0;7.0;143.0;7.0;146.0;7.0;146.0;7.0;135.0;7.0;143.0;7.0;2403.38365;420.86475436800504
Bernex;Luchepelet;Ouvert;https://ge.ch/sitg/geodata/SIAMEN/Photos_ecoles/Bernex-Luchepelet.JPG;253.0;24.0;42.0;30.0;32.0;33.0;38.0;29.0;25.0;12.0;251.0;12.0;242.0;11.0;234.0;11.0;239.0;11.0;237.0;11.0;251.0;12.0;247.0;12.0;2750.8110495;441.5409938674
Bernex;Robert Hainard;Ouvert;https://ge.ch/sitg/geodata/SIAMEN/Photos_ecoles/Bernex-Vailly.JPG;243.0;21.0;31.0;34.0;25.0;33.0;35.0;33.0;31.0;11.0;242.0;11.0;223.0;10.0;207.0;10.0;214.0;10.0;214.0;10.0;189.0;9.0;190.0;9.0;4352.68125;575.543063557781
Cartigny;Cartigny;Ouvert;https://ge.ch/sitg/geodata/SIAMEN/Photos_ecoles/Cartigny.JPG;84.0;13.0;5.0;7.0;15.0;14.0;9.0;10.0;11.0;4.0;76.0;4.0;80.0;4.0;85.0;4.0;77.0;4.0;74.0;4.0;77.0;4.0;76.0;4.0;1135.5278;222.77699150173802
Chêne-Bougeries;Conches;Ouvert;https://ge.ch/sitg/geodata/SIAMEN/Photos_ecoles/Conches.JPG;161.0;14.0;20.0;21.0;21.0;24.0;20.0;22.0;19.0;8.0;161.0;7.0;147.0;7.0;135.0;6.0;118.0;6.0;123.0;6.0;123.0;6.0;135.0;6.0;597.66505;153.864990886199
Chêne-Bourg;Plateau-de-Haller;Fermé;https://ge.ch/sitg/geodata/SIAMEN/Photos_ecoles/Plateau-de-Haller.JPG;0.0;0.0;0.0;0.0;0.0;0.0;0.0;0.0;0.0;0.0;0.0;0.0;0.0;0.0;0.0;0.0;0.0;0.0;98.0;5.0;105.0;5.0;120.0;6.0;349.79325;86.50750186459179
Chêne-Bourg;Petit-Senn;Ouvert;https://ge.ch/sitg/geodata/SIAMEN/Photos_ecoles/Petit-Senn.JPG;276.0;21.0;19.0;20.0;18.0;44.0;48.0;51.0;55.0;14.0;280.0;13.0;260.0;13.0;272.0;13.0;290.0;13.0;273.0;13.0;281.0;13.0;276.0;13.0;2442.0630505;410.147929307313
Collonge-Bellerive;Vésenaz;Ouvert;https://ge.ch/sitg/geodata/SIAMEN/Photos_ecoles/Vésenaz.JPG;324.0;45.0;43.0;48.0;33.0;42.0;40.0;33.0;40.0;15.0;317.0;14.0;300.0;14.0;299.0;14.0;306.0;14.0;292.0;14.0;282.0;13.0;275.0;13.0;2293.5639455;418.82417382277805
Collonge-Bellerive;Collonge CE+CM;Ouvert;https://ge.ch/sitg/geodata/SIAMEN/Photos_ecoles/Collonge.JPG;266.0;27.0;44.0;28.0;38.0;35.0;33.0;27.0;34.0;13.0;280.0;13.0;264.0;12.0;249.0;11.0;271.0;12.0;258.0;12.0;263.0;12.0;257.0;12.0;3573.488903;625.2469687501809
Genève-Cité;Cropettes CE;Ouvert;https://ge.ch/sitg/geodata/SIAMEN/Photos_ecoles/Cropettes pavillon.JPG;144.0;32.0;38.0;38.0;36.0;0.0;0.0;0.0;0.0;8.0;149.0;8.0;150.0;8.0;152.0;8.0;138.0;7.0;121.0;6.0;118.0;6.0;121.0;6.0;826.81715;241.627874145714
Genève-Petit-Saconnex;Devin-du-Village;Ouvert;https://ge.ch/sitg/geodata/SIAMEN/Photos_ecoles/Devin-du-Village.JPG;170.0;48.0;48.0;39.0;35.0;0.0;0.0;0.0;0.0;9.0;169.0;8.0;153.0;8.0;159.0;8.0;160.0;8.0;152.0;7.0;150.0;8.0;182.0;9.0;1314.735325;245.36126960611404
Onex;Racettes;Ouvert;https://ge.ch/sitg/geodata/SIAMEN/Photos_ecoles/Onex Racettes.JPG;214.0;31.0;22.0;29.0;31.0;26.0;30.0;22.0;23.0;10.0;225.0;11.0;225.0;11.0;223.0;11.0;213.0;10.0;205.0;10.0;193.0;9.0;188.0;9.0;1692.548707;306.379868676872
Onex;Tattes;Ouvert;https://ge.ch/sitg/geodata/SIAMEN/Photos_ecoles/Onex Tattes.JPG;220.0;0.0;10.0;43.0;32.0;32.0;39.0;27.0;37.0;13.0;235.0;13.0;220.0;12.0;216.0;12.0;216.0;12.0;216.0;12.0;215.0;12.0;212.0;12.0;2649.085845;413.30514636270703
Plan-les-Ouates;Pré du camp;Ouvert;https://ge.ch/sitg/geodata/SIAMEN/Photos_ecoles/Pré du camp.JPG;350.0;47.0;46.0;40.0;56.0;38.0;46.0;31.0;46.0;16.0;337.0;16.0;329.0;15.0;347.0;16.0;366.0;16.0;386.0;18.0;373.0;17.0;395.0;19.0;3964.889163;705.978190903823
Genève-Petit-Saconnex;Geisendorf-Faller;Ouvert;https://ge.ch/sitg/geodata/SIAMEN/Photos_ecoles/Geisendorf-Faller.JPG;156.0;44.0;45.0;43.0;24.0;0.0;0.0;0.0;0.0;7.0;137.0;7.0;139.0;7.0;139.0;7.0;139.0;7.0;133.0;7.0;138.0;7.0;145.0;7.0;929.715336;180.691851897489
Genève-Petit-Saconnex;Geisendorf-Central;Ouvert;https://ge.ch/sitg/geodata/SIAMEN/Photos_ecoles/Geisendorf-Central.JPG;258.0;0.0;0.0;0.0;0.0;65.0;57.0;65.0;71.0;12.0;243.0;12.0;255.0;12.0;234.0;12.0;250.0;12.0;266.0;12.0;275.0;13.0;299.0;13.0;2868.035685;487.467431617326
Genève-Plainpalais;Micheli-du-Crest;Ouvert;https://ge.ch/sitg/geodata/SIAMEN/Photos_ecoles/Micheli-du-Crest.JPG;247.0;36.0;39.0;31.0;35.0;21.0;32.0;30.0;23.0;12.0;250.0;12.0;250.0;12.0;255.0;13.0;247.0;13.0;249.0;13.0;244.0;14.0;245.0;13.0;1362.899198;228.239905495838
Genève-Plainpalais;Roseraie;Ouvert;https://ge.ch/sitg/geodata/SIAMEN/Photos_ecoles/Roseraie.JPG;485.0;49.0;49.0;71.0;59.0;65.0;65.0;56.0;71.0;24.0;482.0;24.0;487.0;24.0;478.0;24.0;454.0;24.0;443.0;23.0;425.0;22.0;437.0;22.0;1826.7497515;333.607589908571
Grand-Saconnex;Grand-Saconnex Village;Ouvert;https://ge.ch/sitg/geodata/SIAMEN/Photos_ecoles/Grand-Saconnex Village.JPG;124.0;24.0;31.0;45.0;24.0;0.0;0.0;0.0;0.0;6.0;135.0;7.0;141.0;8.0;149.0;8.0;162.0;8.0;147.0;8.0;141.0;8.0;165.0;8.0;1078.4498985;139.746452407749
Thônex;Marcelly;Ouvert;https://ge.ch/sitg/geodata/SIAMEN/Photos_ecoles/Thônex Marcelly.JPG;396.0;45.0;39.0;44.0;56.0;53.0;70.0;43.0;46.0;18.0;421.0;18.0;415.0;18.0;402.0;18.0;368.0;17.0;336.0;16.0;344.0;16.0;349.0;16.0;1699.08225;346.99472062127103
Troinex;Troinex;Ouvert;https://ge.ch/sitg/geodata/SIAMEN/Photos_ecoles/Troinex.JPG;293.0;27.0;34.0;45.0;31.0;32.0;38.0;36.0;50.0;13.0;279.0;13.0;273.0;13.0;256.0;12.0;259.0;12.0;246.0;11.0;250.0;12.0;241.0;12.0;1312.4839495;350.910843128994
Confignon;Cressy;Ouvert;https://ge.ch/sitg/geodata/SIAMEN/Photos_ecoles/Cressy.JPG;287.0;37.0;26.0;32.0;34.0;44.0;33.0;45.0;36.0;13.0;283.0;13.0;294.0;14.0;303.0;14.0;298.0;14.0;284.0;14.0;314.0;15.0;313.0;16.0;2330.883159;335.94407877171403
Bernex;Lully;Ouvert;https://ge.ch/sitg/geodata/SIAMEN/Photos_ecoles/Lully.JPG;207.0;19.0;17.0;31.0;27.0;28.0;33.0;25.0;27.0;10.0;217.0;10.0;217.0;10.0;218.0;10.0;226.0;10.0;209.0;10.0;212.0;10.0;228.0;10.0;2414.90125;437.446020017269
Chêne-Bougeries;Chêne-Bougeries;Ouvert;https://ge.ch/sitg/geodata/SIAMEN/Photos_ecoles/Chêne-Bougeries.JPG;0.0;0.0;0.0;0.0;0.0;0.0;0.0;0.0;0.0;7.0;110.0;5.0;110.0;5.0;82.0;4.0;84.0;4.0;85.0;4.0;75.0;4.0;66.0;3.0;1612.2425455;273.122733087398
Chêne-Bougeries;Gradelle;Ouvert;https://ge.ch/sitg/geodata/SIAMEN/Photos_ecoles/Gradelle.JPG;238.0;31.0;29.0;34.0;41.0;29.0;30.0;25.0;19.0;11.0;216.0;10.0;185.0;9.0;170.0;8.0;148.0;7.0;141.0;6.0;140.0;6.0;145.0;6.0;2923.5787515;443.983767182128
Choulex;Choulex;Ouvert;https://ge.ch/sitg/geodata/SIAMEN/Photos_ecoles/Choulex.JPG;76.0;7.0;10.0;11.0;9.0;14.0;7.0;8.0;10.0;4.0;79.0;4.0;83.0;4.0;79.0;4.0;84.0;4.0;76.0;4.0;75.0;4.0;77.0;4.0;1361.582501;230.458934830092
Corsier;Corsier;Ouvert;https://ge.ch/sitg/geodata/SIAMEN/Photos_ecoles/Corsier.JPG;168.0;14.0;21.0;13.0;25.0;21.0;31.0;24.0;19.0;8.0;170.0;8.0;159.0;8.0;162.0;8.0;156.0;8.0;150.0;7.0;146.0;7.0;150.0;7.0;2211.91325;415.123124518656
Dardagny;Dardagny;Ouvert;https://ge.ch/sitg/geodata/SIAMEN/Photos_ecoles/Dardagny.JPG;86.0;0.0;0.0;0.0;0.0;13.0;29.0;19.0;25.0;4.0;86.0;4.0;88.0;4.0;78.0;4.0;88.0;4.0;87.0;4.0;81.0;4.0;86.0;4.0;1594.7002005;291.6426094896
Dardagny;La Plaine;Ouvert;https://ge.ch/sitg/geodata/SIAMEN/Photos_ecoles/La Plaine.JPG;64.0;0.0;0.0;28.0;21.0;15.0;0.0;0.0;0.0;3.0;66.0;3.0;65.0;3.0;63.0;3.0;44.0;2.0;43.0;2.0;38.0;2.0;39.0;2.0;451.170001;154.804274542043
Genève-Cité;Ferdinand-Hodler;Ouvert;https://ge.ch/sitg/geodata/SIAMEN/Photos_ecoles/Ferdinand-Hodler.JPG;166.0;9.0;13.0;9.0;12.0;28.0;38.0;33.0;24.0;8.0;152.0;7.0;154.0;7.0;148.0;7.0;145.0;7.0;149.0;7.0;149.0;7.0;147.0;7.0;1274.5955985;209.889369556034
Genève-Cité;Pâquis centre;Ouvert;https://ge.ch/sitg/geodata/SIAMEN/Photos_ecoles/Pâquis centre.JPG;453.0;69.0;41.0;54.0;59.0;68.0;57.0;56.0;49.0;25.0;447.0;24.0;416.0;24.0;430.0;22.0;425.0;22.0;382.0;21.0;372.0;20.0;368.0;19.0;5046.013196;638.8843924968841
Genève-Eaux-Vives;31-Décembre;Ouvert;https://ge.ch/sitg/geodata/SIAMEN/Photos_ecoles/31-Décembre.JPG;166.0;23.0;18.0;21.0;19.0;18.0;23.0;23.0;21.0;8.0;162.0;8.0;160.0;8.0;170.0;8.0;178.0;8.0;153.0;7.0;153.0;7.0;152.0;7.0;1108.393347;236.469198951042
Genève-Eaux-Vives;Le Corbusier;Ouvert;https://ge.ch/sitg/geodata/SIAMEN/Photos_ecoles/Le Corbusier.JPG;431.0;41.0;64.0;51.0;65.0;52.0;40.0;60.0;58.0;20.0;425.0;19.0;374.0;19.0;362.0;17.0;361.0;17.0;336.0;16.0;306.0;14.0;233.0;11.0;4298.1249765;678.8320970674
Cologny;Pré-Picot;Ouvert;https://ge.ch/sitg/geodata/SIAMEN/Photos_ecoles/Pré-Picot.JPG;235.0;42.0;44.0;21.0;20.0;25.0;26.0;33.0;24.0;11.0;207.0;10.0;200.0;10.0;208.0;9.0;223.0;10.0;212.0;10.0;205.0;10.0;203.0;10.0;3141.144097;446.47819300732306
Genève-Petit-Saconnex;Budé II;Fermé;https://ge.ch/sitg/geodata/SIAMEN/Photos_ecoles/Budé II.JPG;0.0;0.0;0.0;0.0;0.0;0.0;0.0;0.0;0.0;0.0;0.0;0.0;0.0;0.0;0.0;0.0;0.0;0.0;0.0;0.0;0.0;0.0;0.0;0.0;1496.015591;351.26236698505005
Genève-Petit-Saconnex;Cayla;Ouvert;https://ge.ch/sitg/geodata/SIAMEN/Photos_ecoles/Cayla.JPG;287.0;36.0;28.0;37.0;36.0;42.0;35.0;36.0;37.0;15.0;249.0;15.0;252.0;15.0;241.0;14.0;243.0;14.0;234.0;13.0;228.0;12.0;231.0;13.0;2886.8609555;414.95733600814003
Genève-Petit-Saconnex;Charmilles;Ouvert;https://ge.ch/sitg/geodata/SIAMEN/Photos_ecoles/Charmilles.JPG;386.0;51.0;39.0;53.0;35.0;48.0;50.0;61.0;49.0;20.0;370.0;19.0;373.0;20.0;367.0;19.0;382.0;19.0;364.0;18.0;374.0;18.0;349.0;17.0;1815.638403;413.46211214578403
Genève-Petit-Saconnex;Crêts;Ouvert;https://ge.ch/sitg/geodata/SIAMEN/Photos_ecoles/Crêts.JPG;142.0;43.0;24.0;48.0;27.0;0.0;0.0;0.0;0.0;7.0;136.0;7.0;138.0;7.0;135.0;7.0;137.0;7.0;91.0;5.0;112.0;6.0;132.0;7.0;1595.3881000000001;338.48880684847404
Genève-Petit-Saconnex;Franchises;Ouvert;https://ge.ch/sitg/geodata/SIAMEN/Photos_ecoles/Franchises.JPG;171.0;0.0;0.0;0.0;0.0;42.0;41.0;50.0;38.0;8.0;150.0;8.0;137.0;7.0;136.0;7.0;141.0;7.0;157.0;8.0;155.0;8.0;149.0;8.0;2839.8276595;339.37423507104404
Genève-Petit-Saconnex;Les Jardins du Rhône;Ouvert;https://ge.ch/sitg/geodata/SIAMEN/Photos_ecoles/Jardins du Rhône.JPG;44.0;12.0;10.0;13.0;9.0;0.0;0.0;0.0;0.0;2.0;41.0;2.0;34.0;2.0;34.0;2.0;37.0;2.0;38.0;2.0;36.0;2.0;35.0;2.0;1210.518247;195.187431842234
Genève-Petit-Saconnex;Sécheron;Ouvert;https://ge.ch/sitg/geodata/SIAMEN/Photos_ecoles/Sécheron.JPG;403.0;55.0;33.0;52.0;48.0;55.0;57.0;53.0;50.0;20.0;408.0;19.0;407.0;20.0;410.0;20.0;399.0;20.0;410.0;20.0;404.0;19.0;382.0;19.0;1460.3805105;284.510735406655
Genève-Petit-Saconnex;Trembley CE;Ouvert;https://ge.ch/sitg/geodata/SIAMEN/Photos_ecoles/Trembley 2.JPG;250.0;50.0;69.0;59.0;72.0;0.0;0.0;0.0;0.0;13.0;244.0;13.0;229.0;12.0;224.0;11.0;279.0;14.0;277.0;13.0;244.0;12.0;236.0;12.0;2118.6982995;439.573632099346
Genève-Petit-Saconnex;Trembley CM;Ouvert;https://ge.ch/sitg/geodata/SIAMEN/Photos_ecoles/Trembley 1.JPG;223.0;0.0;0.0;0.0;0.0;67.0;51.0;46.0;59.0;10.0;214.0;11.0;226.0;11.0;252.0;12.0;335.0;15.0;312.0;16.0;312.0;15.0;284.0;13.0;3363.532995;593.37405883882
Genève-Plainpalais;Allobroges;Ouvert;https://ge.ch/sitg/geodata/SIAMEN/Photos_ecoles/Allobroges.JPG;205.0;40.0;20.0;30.0;19.0;26.0;20.0;23.0;27.0;11.0;215.0;12.0;232.0;12.0;218.0;12.0;221.0;13.0;216.0;12.0;239.0;13.0;246.0;13.0;2218.006047;399.30683585984303
Genève-Plainpalais;Hugo-de-Senger;Ouvert;https://ge.ch/sitg/geodata/SIAMEN/Photos_ecoles/Hugo-de-Senger.JPG;431.0;60.0;50.0;60.0;60.0;50.0;55.0;50.0;46.0;22.0;414.0;22.0;402.0;21.0;382.0;21.0;378.0;21.0;364.0;19.0;368.0;19.0;380.0;20.0;3268.361396;552.977881659198
Genève-Plainpalais;Mail;Ouvert;https://ge.ch/sitg/geodata/SIAMEN/Photos_ecoles/Mail.JPG;401.0;43.0;32.0;40.0;47.0;84.0;62.0;51.0;42.0;19.0;401.0;18.0;395.0;17.0;358.0;17.0;361.0;17.0;352.0;17.0;366.0;17.0;359.0;18.0;2760.0418;518.633653081309
Genève-Plainpalais;Peschier;Ouvert;https://ge.ch/sitg/geodata/SIAMEN/Photos_ecoles/Peschier.JPG;348.0;46.0;44.0;47.0;45.0;39.0;42.0;45.0;40.0;16.0;333.0;16.0;341.0;16.0;337.0;16.0;330.0;16.0;325.0;16.0;315.0;15.0;301.0;15.0;2212.6720575;388.061900337067
Genève-Plainpalais;Plantaporrêts;Ouvert;https://ge.ch/sitg/geodata/SIAMEN/Photos_ecoles/Plantaporrêts.JPG;172.0;34.0;34.0;19.0;32.0;18.0;15.0;20.0;0.0;10.0;136.0;8.0;123.0;7.0;127.0;7.0;99.0;5.0;93.0;5.0;88.0;5.0;75.0;4.0;910.6615505;212.14879803263003
Genthod;Genthod;Ouvert;https://ge.ch/sitg/geodata/SIAMEN/Photos_ecoles/Genthod.JPG;154.0;12.0;12.0;22.0;21.0;21.0;22.0;23.0;21.0;7.0;142.0;6.0;149.0;7.0;152.0;7.0;165.0;8.0;172.0;8.0;187.0;9.0;201.0;9.0;2640.529528;453.251375982014
Grand-Saconnex;Grand-Saconnex Tour;Ouvert;https://ge.ch/sitg/geodata/SIAMEN/Photos_ecoles/Grand-Saconnex Tour.JPG;409.0;40.0;48.0;60.0;73.0;42.0;56.0;47.0;43.0;19.0;397.0;19.0;387.0;19.0;380.0;18.0;374.0;19.0;381.0;19.0;387.0;18.0;375.0;19.0;2239.218855;504.03732936684503
Lancy;Caroline;Ouvert;https://ge.ch/sitg/geodata/SIAMEN/Photos_ecoles/Caroline.JPG;318.0;21.0;36.0;43.0;44.0;35.0;40.0;64.0;35.0;16.0;321.0;16.0;318.0;16.0;311.0;16.0;315.0;15.0;311.0;16.0;326.0;16.0;332.0;17.0;4000.4739105;711.6075091579511
Lancy;Palettes;Ouvert;https://ge.ch/sitg/geodata/SIAMEN/Photos_ecoles/Palettes.JPG;496.0;44.0;44.0;47.0;55.0;68.0;77.0;87.0;74.0;26.0;484.0;25.0;470.0;25.0;471.0;26.0;483.0;26.0;513.0;26.0;480.0;25.0;492.0;26.0;5189.079551;865.757675115883
Lancy;Petit-Lancy;Ouvert;https://ge.ch/sitg/geodata/SIAMEN/Photos_ecoles/Petit-Lancy.JPG;456.0;73.0;70.0;68.0;55.0;52.0;51.0;43.0;44.0;22.0;396.0;19.0;364.0;17.0;332.0;16.0;344.0;16.0;337.0;16.0;336.0;16.0;345.0;16.0;3767.0530505;578.681465601139
Meinier;Meinier;Ouvert;https://ge.ch/sitg/geodata/SIAMEN/Photos_ecoles/Meinier.JPG;225.0;21.0;29.0;27.0;31.0;34.0;28.0;34.0;21.0;10.0;220.0;10.0;216.0;10.0;211.0;10.0;193.0;9.0;175.0;8.0;175.0;8.0;164.0;8.0;2249.444701;415.575605664671
Meyrin;Cointrin;Ouvert;https://ge.ch/sitg/geodata/SIAMEN/Photos_ecoles/Cointrin.JPG;141.0;19.0;24.0;17.0;21.0;22.0;17.0;9.0;12.0;7.0;134.0;6.0;108.0;5.0;94.0;5.0;97.0;5.0;95.0;4.0;84.0;4.0;95.0;5.0;1446.3637965;267.858049585538
Carouge;Pervenches;Ouvert;https://ge.ch/sitg/geodata/SIAMEN/Photos_ecoles/Pervenches.JPG;421.0;39.0;33.0;54.0;58.0;55.0;62.0;62.0;58.0;21.0;389.0;19.0;404.0;20.0;426.0;21.0;426.0;21.0;405.0;20.0;416.0;20.0;379.0;19.0;1816.879048;310.291933180737
Meyrin;Bellavista;Ouvert;https://ge.ch/sitg/geodata/SIAMEN/Photos_ecoles/Meyrin Bellavista.JPG;323.0;51.0;37.0;47.0;35.0;44.0;31.0;38.0;40.0;16.0;284.0;14.0;302.0;15.0;262.0;14.0;279.0;14.0;287.0;14.0;271.0;13.0;263.0;13.0;3405.874999;534.4309007846691
Meyrin;Champs-Fréchets;Ouvert;https://ge.ch/sitg/geodata/SIAMEN/Photos_ecoles/Meyrin Champs-Fréchets.JPG;284.0;24.0;33.0;45.0;38.0;27.0;34.0;44.0;39.0;15.0;290.0;15.0;327.0;17.0;295.0;14.0;280.0;14.0;276.0;14.0;259.0;12.0;230.0;11.0;4656.5703965;587.280087208116
Onex;Onex Parc;Ouvert;https://ge.ch/sitg/geodata/SIAMEN/Photos_ecoles/Onex Parc.JPG;383.0;41.0;43.0;44.0;58.0;60.0;47.0;46.0;44.0;18.0;386.0;18.0;368.0;18.0;371.0;18.0;353.0;17.0;356.0;17.0;357.0;17.0;357.0;17.0;6597.1163205;1308.63676435464
Vernier;Balexert;Ouvert;https://ge.ch/sitg/geodata/SIAMEN/Photos_ecoles/Balexert.JPG;293.0;45.0;26.0;27.0;33.0;30.0;41.0;42.0;49.0;15.0;267.0;14.0;298.0;16.0;309.0;17.0;300.0;17.0;307.0;17.0;321.0;18.0;330.0;18.0;3527.3572475;742.302075295173
Vernier;Vernier-Place;Ouvert;https://ge.ch/sitg/geodata/SIAMEN/Photos_ecoles/Vernier-Place.JPG;269.0;22.0;40.0;18.0;36.0;36.0;32.0;40.0;45.0;14.0;270.0;14.0;281.0;15.0;287.0;15.0;300.0;15.0;281.0;15.0;293.0;15.0;279.0;15.0;1584.4077535;272.67039763650797
Genève-Eaux-Vives;Contamines;Ouvert;https://ge.ch/sitg/geodata/SIAMEN/Photos_ecoles/Contamines.JPG;451.0;57.0;62.0;58.0;59.0;62.0;59.0;44.0;50.0;20.0;424.0;20.0;419.0;20.0;426.0;20.0;374.0;18.0;354.0;17.0;338.0;16.0;318.0;15.0;3645.2443655;484.476457398269
Genève-Plainpalais;Crêts-de-Champel;Ouvert;https://ge.ch/sitg/geodata/SIAMEN/Photos_ecoles/Crêts-de-Champel.JPG;247.0;48.0;34.0;25.0;30.0;28.0;24.0;29.0;29.0;11.0;228.0;11.0;251.0;12.0;244.0;12.0;238.0;11.0;230.0;11.0;236.0;11.0;241.0;12.0;3598.3133000000003;474.56674923745703
Genève-Petit-Saconnex;Les Genêts;Ouvert;https://ge.ch/sitg/geodata/SIAMEN/Photos_ecoles/Les Genêts.JPG;340.0;44.0;48.0;45.0;32.0;40.0;43.0;48.0;40.0;16.0;311.0;15.0;292.0;15.0;305.0;15.0;315.0;15.0;314.0;14.0;303.0;14.0;278.0;14.0;1892.364756;325.20628914364903
Genève-Cité;Zurich;Ouvert;https://ge.ch/sitg/geodata/SIAMEN/Photos_ecoles/Zurich.JPG;119.0;0.0;0.0;0.0;0.0;28.0;29.0;29.0;33.0;6.0;122.0;6.0;128.0;6.0;125.0;6.0;124.0;6.0;124.0;6.0;122.0;6.0;130.0;6.0;781.8079;138.763820544563
Thônex;Adrien-Jeandin;Ouvert;https://ge.ch/sitg/geodata/SIAMEN/Photos_ecoles/Thônex Adrien-Jeandin.JPG;278.0;40.0;31.0;39.0;35.0;22.0;45.0;36.0;30.0;13.0;263.0;13.0;242.0;12.0;202.0;10.0;225.0;11.0;229.0;11.0;224.0;11.0;223.0;11.0;2911.2024;355.050546609112
Veyrier;Grand-Salève;Ouvert;https://ge.ch/sitg/geodata/SIAMEN/Photos_ecoles/Veyrier.JPG;385.0;41.0;47.0;42.0;57.0;60.0;52.0;41.0;45.0;18.0;351.0;17.0;345.0;15.0;322.0;15.0;329.0;15.0;309.0;14.0;293.0;13.0;174.0;9.0;3772.048401;561.587903884998
Plan-les-Ouates;Serves;Fermé;https://ge.ch/sitg/geodata/SIAMEN/Photos_ecoles/Serves.JPG;0.0;0.0;0.0;0.0;0.0;0.0;0.0;0.0;0.0;0.0;0.0;0.0;0.0;0.0;0.0;0.0;0.0;0.0;112.0;5.0;92.0;5.0;96.0;5.0;713.941452;189.93430217370602
Carouge;Val d'Arve;Ouvert;https://ge.ch/sitg/geodata/SIAMEN/Photos_ecoles/Val d'Arve.JPG;362.0;48.0;55.0;45.0;46.0;47.0;37.0;44.0;40.0;21.0;358.0;21.0;356.0;20.0;360.0;18.0;340.0;17.0;310.0;17.0;308.0;17.0;318.0;18.0;2644.63645;406.390573028305
Onex;Bosson UCE;Ouvert;https://ge.ch/sitg/geodata/SIAMEN/Photos_ecoles/Onex Bosson UCE.JPG;176.0;22.0;22.0;17.0;22.0;28.0;21.0;19.0;25.0;8.0;166.0;8.0;166.0;8.0;160.0;8.0;174.0;8.0;168.0;8.0;175.0;8.0;176.0;8.0;1589.279305;274.427128937203
Onex;Bosson;Ouvert;https://ge.ch/sitg/geodata/SIAMEN/Photos_ecoles/Onex Bosson.JPG;238.0;38.0;42.0;28.0;20.0;25.0;38.0;23.0;24.0;12.0;220.0;11.0;212.0;11.0;218.0;11.0;228.0;11.0;224.0;11.0;215.0;10.0;203.0;10.0;3428.0091615;542.8643939387531
Chêne-Bourg;Place Favre;Ouvert;https://ge.ch/sitg/geodata/SIAMEN/Photos_ecoles/Place Favre.JPG;77.0;18.0;20.0;19.0;20.0;0.0;0.0;0.0;0.0;4.0;79.0;4.0;94.0;5.0;95.0;5.0;94.0;5.0;91.0;5.0;86.0;5.0;74.0;4.0;764.435351;129.81879730488302
Cologny;Cologny-Gerdil;Fermé;https://ge.ch/sitg/geodata/SIAMEN/Photos_ecoles/Cologny-Gerdil.JPG;0.0;0.0;0.0;0.0;0.0;0.0;0.0;0.0;0.0;0.0;0.0;0.0;0.0;0.0;0.0;0.0;0.0;0.0;0.0;0.0;0.0;0.0;0.0;0.0;477.8217495;104.445715082565
Genève-Petit-Saconnex;Beaulieu;Ouvert;https://ge.ch/sitg/geodata/SIAMEN/Photos_ecoles/Beaulieu.JPG;71.0;21.0;14.0;21.0;15.0;0.0;0.0;0.0;0.0;4.0;73.0;4.0;75.0;4.0;74.0;4.0;73.0;4.0;80.0;4.0;81.0;4.0;85.0;4.0;405.3005975;96.6088201369643
Puplinge;Puplinge;Ouvert;https://ge.ch/sitg/geodata/SIAMEN/Photos_ecoles/Puplinge.JPG;214.0;31.0;30.0;22.0;22.0;24.0;30.0;26.0;29.0;10.0;216.0;10.0;213.0;10.0;202.0;10.0;194.0;9.0;189.0;9.0;188.0;9.0;188.0;9.0;2322.6143515;359.75826084748803
Vernier;Lignon CE;Ouvert;https://ge.ch/sitg/geodata/SIAMEN/Photos_ecoles/Lignon élémentaire.JPG;257.0;57.0;60.0;79.0;61.0;0.0;0.0;0.0;0.0;16.0;270.0;15.0;256.0;14.0;224.0;13.0;211.0;13.0;203.0;12.0;214.0;12.0;211.0;13.0;2012.825101;450.673076533756
Lancy;Cérésole;Ouvert;https://ge.ch/sitg/geodata/SIAMEN/Photos_ecoles/Cérésole.JPG;161.0;22.0;18.0;19.0;22.0;24.0;20.0;21.0;15.0;8.0;167.0;8.0;174.0;8.0;172.0;8.0;172.0;8.0;170.0;8.0;177.0;8.0;184.0;8.0;888.9116799999999;221.794946301282
Thônex;Pont-Bochet;Ouvert;https://ge.ch/sitg/geodata/SIAMEN/Photos_ecoles/Pont-Bochet.JPG;147.0;19.0;18.0;22.0;19.0;22.0;23.0;11.0;13.0;7.0;140.0;7.0;126.0;7.0;127.0;6.0;125.0;6.0;119.0;6.0;106.0;5.0;104.0;5.0;1741.986749;308.31326476272
Onex;Bellecour;Ouvert;https://ge.ch/sitg/geodata/SIAMEN/Photos_ecoles/Onex Belle-Cour.JPG;146.0;16.0;14.0;22.0;22.0;14.0;20.0;18.0;20.0;7.0;144.0;7.0;143.0;7.0;144.0;7.0;145.0;7.0;141.0;7.0;133.0;6.0;141.0;7.0;611.8823;132.862057411576
Carouge;Tours de Carouge;Fermé;https://ge.ch/sitg/geodata/SIAMEN/Photos_ecoles/Tours de Carouge.JPG;0.0;0.0;0.0;0.0;0.0;0.0;0.0;0.0;0.0;0.0;0.0;0.0;0.0;0.0;0.0;0.0;0.0;0.0;0.0;0.0;0.0;0.0;0.0;0.0;227.68775;63.350267695742296
Vandoeuvres;Vandoeuvres;Ouvert;https://ge.ch/sitg/geodata/SIAMEN/Photos_ecoles/Vandoeuvres.JPG;131.0;17.0;21.0;21.0;21.0;7.0;13.0;17.0;14.0;7.0;117.0;6.0;116.0;6.0;106.0;6.0;107.0;5.0;126.0;6.0;125.0;6.0;126.0;6.0;1882.4517;358.93676424724305
Vernier;Aïre;Ouvert;https://ge.ch/sitg/geodata/SIAMEN/Photos_ecoles/Aïre.JPG;175.0;28.0;30.0;13.0;19.0;17.0;25.0;26.0;17.0;8.0;164.0;8.0;150.0;7.0;153.0;7.0;147.0;8.0;155.0;8.0;148.0;8.0;155.0;8.0;2629.414751;374.779233318464
Vernier;Libellules;Ouvert;https://ge.ch/sitg/geodata/SIAMEN/Photos_ecoles/Libellules.JPG;420.0;59.0;55.0;51.0;61.0;64.0;36.0;46.0;48.0;23.0;401.0;22.0;458.0;25.0;445.0;25.0;420.0;23.0;395.0;21.0;374.0;21.0;367.0;20.0;2971.930945;559.21097594093
Vernier;Lignon CM;Ouvert;https://ge.ch/sitg/geodata/SIAMEN/Photos_ecoles/Lignon primaire.JPG;251.0;0.0;0.0;0.0;0.0;67.0;52.0;68.0;64.0;12.0;207.0;11.0;215.0;11.0;213.0;11.0;217.0;12.0;214.0;12.0;224.0;13.0;212.0;12.0;3687.3603085;625.891366576108
Vernier;Ranches CM;Ouvert;https://ge.ch/sitg/geodata/SIAMEN/Photos_ecoles/Ranches 2.JPG;217.0;0.0;0.0;0.0;0.0;60.0;52.0;62.0;43.0;11.0;202.0;11.0;182.0;10.0;182.0;11.0;199.0;11.0;185.0;10.0;207.0;10.0;197.0;10.0;2225.521307;365.28579468490005
Versoix;Montfleury;Ouvert;https://ge.ch/sitg/geodata/SIAMEN/Photos_ecoles/Versoix Montfleury 1.JPG;280.0;27.0;38.0;30.0;34.0;34.0;39.0;36.0;42.0;14.0;299.0;14.0;295.0;14.0;298.0;14.0;289.0;14.0;316.0;16.0;313.0;15.0;308.0;15.0;2209.3772485;326.833018792954
Veyrier;Bois-gourmand;Ouvert;https://ge.ch/sitg/geodata/SIAMEN/Photos_ecoles/Bois-gourmand.JPG;282.0;33.0;44.0;28.0;25.0;49.0;33.0;38.0;32.0;13.0;260.0;12.0;234.0;11.0;205.0;10.0;190.0;9.0;194.0;9.0;199.0;9.0;317.0;15.0;2319.3345035;341.648704934265
Collex-Bossy;Collex-Bossy;Ouvert;https://ge.ch/sitg/geodata/SIAMEN/Photos_ecoles/Collex-Bossy.JPG;151.0;14.0;18.0;19.0;13.0;23.0;20.0;20.0;24.0;7.0;154.0;7.0;161.0;8.0;158.0;7.0;154.0;7.0;145.0;7.0;151.0;8.0;166.0;8.0;1630.7948245;423.303583554018
Céligny;Céligny;Ouvert;https://ge.ch/sitg/geodata/SIAMEN/Photos_ecoles/Céligny.JPG;68.0;10.0;12.0;8.0;10.0;7.0;9.0;6.0;6.0;4.0;66.0;3.0;56.0;3.0;58.0;3.0;50.0;3.0;46.0;3.0;48.0;3.0;58.0;3.0;552.78;141.076755403544
Satigny;Satigny Mairie;Ouvert;https://ge.ch/sitg/geodata/SIAMEN/Photos_ecoles/Satigny Mairie.JPG;144.0;0.0;0.0;0.0;0.0;40.0;42.0;37.0;25.0;7.0;142.0;7.0;109.0;5.0;109.0;5.0;110.0;5.0;100.0;5.0;88.0;4.0;94.0;5.0;1850.96665;330.10731350773
Versoix;Lachenal;Ouvert;https://ge.ch/sitg/geodata/SIAMEN/Photos_ecoles/Versoix Lachenal.JPG;335.0;35.0;43.0;38.0;48.0;47.0;45.0;33.0;46.0;17.0;348.0;17.0;344.0;16.0;330.0;17.0;324.0;16.0;324.0;17.0;336.0;17.0;343.0;17.0;3403.653154;671.961219891529
Grand-Saconnex;Grand-Saconnex Pommier;Ouvert;https://ge.ch/sitg/geodata/SIAMEN/Photos_ecoles/Grand-Saconnex Pommier.JPG;340.0;39.0;46.0;44.0;23.0;58.0;46.0;41.0;43.0;16.0;336.0;16.0;331.0;16.0;342.0;16.0;349.0;17.0;340.0;16.0;341.0;16.0;350.0;17.0;4277.0375075;522.603894841636
Thônex;Bois-des-Arts;Ouvert;https://ge.ch/sitg/geodata/SIAMEN/Photos_ecoles/Thônex Bois-des-Arts.JPG;253.0;22.0;33.0;27.0;36.0;39.0;24.0;38.0;34.0;13.0;262.0;13.0;261.0;13.0;260.0;13.0;273.0;14.0;270.0;13.0;292.0;15.0;301.0;15.0;2616.29525;438.44054634825403
Genève-Petit-Saconnex;Les Ouches;Ouvert;https://ge.ch/sitg/geodata/SIAMEN/Photos_ecoles/Ouches.JPG;201.0;13.0;24.0;21.0;24.0;33.0;27.0;29.0;30.0;9.0;212.0;10.0;189.0;9.0;209.0;10.0;219.0;11.0;232.0;12.0;251.0;13.0;270.0;14.0;2572.873744;325.359681876966
Plan-les-Ouates;Champ-Joly CE;Ouvert;https://ge.ch/sitg/geodata/SIAMEN/Photos_ecoles/Petites Fontaines.JPG;211.0;44.0;53.0;56.0;58.0;0.0;0.0;0.0;0.0;10.0;162.0;8.0;212.0;10.0;230.0;12.0;179.0;9.0;168.0;8.0;174.0;8.0;167.0;8.0;1272.0207015;160.53026678831802
Satigny;Satigny Village;Ouvert;https://ge.ch/sitg/geodata/SIAMEN/Photos_ecoles/Satigny Village2.JPG;361.0;58.0;63.0;70.0;60.0;27.0;36.0;19.0;28.0;17.0;368.0;17.0;372.0;17.0;349.0;17.0;332.0;16.0;306.0;15.0;296.0;14.0;280.0;14.0;3230.152799;452.334897430265
Thônex;Pavillon Mousse;Fermé;https://ge.ch/sitg/geodata/SIAMEN/Photos_ecoles/Pavillon Mousse.JPG;0.0;0.0;0.0;0.0;0.0;0.0;0.0;0.0;0.0;0.0;0.0;0.0;0.0;0.0;0.0;0.0;0.0;0.0;0.0;0.0;0.0;0.0;0.0;0.0;516.9695;115.8324792095
Carouge;Vigne Rouge;Ouvert;https://ge.ch/sitg/geodata/SIAMEN/Photos_ecoles/Vigne Rouge.JPG;165.0;20.0;17.0;17.0;22.0;23.0;24.0;23.0;19.0;8.0;167.0;8.0;167.0;8.0;171.0;8.0;164.0;8.0;164.0;8.0;157.0;8.0;134.0;7.0;1516.060584;231.061605893463
Vernier;Bourquin;Ouvert;https://ge.ch/sitg/geodata/SIAMEN/Photos_ecoles/Bourquin.JPG;83.0;26.0;35.0;0.0;22.0;0.0;0.0;0.0;0.0;4.0;69.0;4.0;54.0;3.0;55.0;4.0;80.0;4.0;71.0;4.0;57.0;3.0;56.0;3.0;576.3886210000001;118.89590977595302
Plan-les-Ouates;Le Sapay;Ouvert;https://ge.ch/sitg/geodata/SIAMEN/Photos_ecoles/Le Sapay.JPG;463.0;69.0;89.0;76.0;45.0;53.0;47.0;45.0;39.0;23.0;431.0;20.0;317.0;15.0;242.0;12.0;230.0;11.0;0.0;0.0;0.0;0.0;0.0;0.0;4030.33455;503.587601551616
Plan-les-Ouates;Champ-Joly CM;Ouvert;https://ge.ch/sitg/geodata/SIAMEN/Photos_ecoles/Vélodrome.JPG;252.0;0.0;0.0;0.0;0.0;50.0;54.0;73.0;75.0;12.0;318.0;16.0;301.0;14.0;279.0;13.0;346.0;16.0;374.0;18.0;405.0;19.0;379.0;18.0;3955.515306;526.042192755761
Genève-Petit-Saconnex;De Chandieu;Ouvert;https://ge.ch/sitg/geodata/SIAMEN/Photos_ecoles/De Chandieu.JPG;335.0;62.0;41.0;38.0;38.0;37.0;33.0;43.0;43.0;17.0;305.0;16.0;309.0;15.0;274.0;14.0;0.0;0.0;0.0;0.0;0.0;0.0;0.0;0.0;4294.51525;403.09551407023
Meyrin;Vergers;Ouvert;https://ge.ch/sitg/geodata/SIAMEN/Photos_ecoles/Vergers.JPG;317.0;53.0;46.0;42.0;34.0;43.0;42.0;34.0;23.0;16.0;241.0;11.0;0.0;0.0;0.0;0.0;0.0;0.0;0.0;0.0;0.0;0.0;0.0;0.0;3651.359457475;435.03404608962205
Vernier;Emilie-de-Morsier;Ouvert;https://ge.ch/sitg/geodata/SIAMEN/Photos_ecoles/Emilie-de-Morsier.JPG;138.0;23.0;20.0;17.0;13.0;12.0;22.0;17.0;14.0;8.0;112.0;6.0;0.0;0.0;0.0;0.0;0.0;0.0;0.0;0.0;0.0;0.0;0.0;0.0;1250.77811395;149.81997912171502
